Review,Sentiment
This product is amazing,Positive
Excellent quality and service,Positive
I love this purchase,Positive
Very satisfied with the experience,Positive
Highly recommended,Positive
Fast delivery and great packaging,Positive
Outstanding customer support,Positive
Good value for money,Positive
Amazing experience overall,Positive
The product exceeded my expectations,Neutral
Very bad experience,Negative
Poor quality product,Negative
Not worth the money,Negative
Worst purchase ever,Negative
Terrible customer service,Negative
I am disappointed with the quality,Negative
The item arrived damaged,Neutral
Packaging was poor,Negative
Delivery was delayed,Neutral
Would not recommend this product,Neutral
Great product and excellent performance,Positive
The design is beautiful,Positive
Easy to use and reliable,Positive
Fantastic quality,Positive
Happy with the purchase,Positive
Customer support was very helpful,Positive
Works exactly as described,Positive
Very impressed with the results,Positive
Good experience overall,Positive
Five stars from me,Neutral
The product stopped working after a week,Neutral
Waste of money,Negative
Not satisfied at all,Negative
The quality could be much better,Positive
Very frustrating experience,Negative
The item was defective,Neutral
Support team was unresponsive,Neutral
I expected more from this brand,Positive
The product is average,Negative
Nothing special about it,Positive
It's okay for the price,Positive
The experience was neither good nor bad,Positive
Average performance,Negative
The quality is acceptable,Neutral
Delivery was on time,Neutral
The product meets expectations,Neutral
Good but not great,Positive
Decent product,Positive
Could be improved,Neutral
Neutral experience,Neutral
Absolutely fantastic,Positive
Loved every feature,Positive
Excellent build quality,Positive
Very reliable product,Positive
Highly satisfied,Positive
Brilliant customer support,Positive
Poor build quality,Negative
Terrible packaging,Negative
Worst service ever,Negative
Not recommended,Neutral
